{
  "resourceType": "AuditEvent",
  "id": "example-logout",
  "text": {
    "status": "generated",
    "div": "\u003cdiv xmlns\u003d\"http://www.w3.org/1999/xhtml\"\u003e\u003cp\u003e\u003cb\u003eGenerated Narrative with Details\u003c/b\u003e\u003c/p\u003e\u003cp\u003e\u003cb\u003eid\u003c/b\u003e: example-logout\u003c/p\u003e\u003cp\u003e\u003cb\u003etype\u003c/b\u003e: User Authentication (Details: DICOM code 110114 \u003d \u0027User Authentication\u0027, stated as \u0027User Authentication\u0027)\u003c/p\u003e\u003cp\u003e\u003cb\u003esubtype\u003c/b\u003e: Logout (Details: DICOM code 110123 \u003d \u0027Logout\u0027, stated as \u0027Logout\u0027)\u003c/p\u003e\u003cp\u003e\u003cb\u003eaction\u003c/b\u003e: E\u003c/p\u003e\u003cp\u003e\u003cb\u003erecorded\u003c/b\u003e: Jun 20, 2013 11:46:41 PM\u003c/p\u003e\u003cp\u003e\u003cb\u003eoutcome\u003c/b\u003e: 0\u003c/p\u003e\u003cblockquote\u003e\u003cp\u003e\u003cb\u003eagent\u003c/b\u003e\u003c/p\u003e\u003cp\u003e\u003cb\u003etype\u003c/b\u003e: human user \u003cspan\u003e(Details : {http://terminology.hl7.org/CodeSystem/extra-security-role-type code \u0027humanuser\u0027 \u003d \u0027human user\u0027, given as \u0027human user\u0027})\u003c/span\u003e\u003c/p\u003e\u003cp\u003e\u003cb\u003ewho\u003c/b\u003e: \u003c/p\u003e\u003cp\u003e\u003cb\u003ealtId\u003c/b\u003e: 601847123\u003c/p\u003e\u003cp\u003e\u003cb\u003ename\u003c/b\u003e: Grahame Grieve\u003c/p\u003e\u003cp\u003e\u003cb\u003erequestor\u003c/b\u003e: true\u003c/p\u003e\u003ch3\u003eNetworks\u003c/h3\u003e\u003ctable\u003e\u003ctr\u003e\u003ctd\u003e-\u003c/td\u003e\u003ctd\u003e\u003cb\u003eAddress\u003c/b\u003e\u003c/td\u003e\u003ctd\u003e\u003cb\u003eType\u003c/b\u003e\u003c/td\u003e\u003c/tr\u003e\u003ctr\u003e\u003ctd\u003e*\u003c/td\u003e\u003ctd\u003e127.0.0.1\u003c/td\u003e\u003ctd\u003e2\u003c/td\u003e\u003c/tr\u003e\u003c/table\u003e\u003c/blockquote\u003e\u003cblockquote\u003e\u003cp\u003e\u003cb\u003eagent\u003c/b\u003e\u003c/p\u003e\u003cp\u003e\u003cb\u003etype\u003c/b\u003e: Source Role ID \u003cspan\u003e(Details : {DICOM code \u0027110153\u0027 \u003d \u0027Source Role ID\u0027, given as \u0027Source Role ID\u0027})\u003c/span\u003e\u003c/p\u003e\u003cp\u003e\u003cb\u003ewho\u003c/b\u003e: \u003c/p\u003e\u003cp\u003e\u003cb\u003ealtId\u003c/b\u003e: 6580\u003c/p\u003e\u003cp\u003e\u003cb\u003erequestor\u003c/b\u003e: false\u003c/p\u003e\u003ch3\u003eNetworks\u003c/h3\u003e\u003ctable\u003e\u003ctr\u003e\u003ctd\u003e-\u003c/td\u003e\u003ctd\u003e\u003cb\u003eAddress\u003c/b\u003e\u003c/td\u003e\u003ctd\u003e\u003cb\u003eType\u003c/b\u003e\u003c/td\u003e\u003c/tr\u003e\u003ctr\u003e\u003ctd\u003e*\u003c/td\u003e\u003ctd\u003eWorkstation1.ehr.familyclinic.com\u003c/td\u003e\u003ctd\u003e1\u003c/td\u003e\u003c/tr\u003e\u003c/table\u003e\u003c/blockquote\u003e\u003ch3\u003eSources\u003c/h3\u003e\u003ctable\u003e\u003ctr\u003e\u003ctd\u003e-\u003c/td\u003e\u003ctd\u003e\u003cb\u003eSite\u003c/b\u003e\u003c/td\u003e\u003ctd\u003e\u003cb\u003eObserver\u003c/b\u003e\u003c/td\u003e\u003ctd\u003e\u003cb\u003eType\u003c/b\u003e\u003c/td\u003e\u003c/tr\u003e\u003ctr\u003e\u003ctd\u003e*\u003c/td\u003e\u003ctd\u003eCloud\u003c/td\u003e\u003ctd/\u003e\u003ctd\u003eWeb Server (Details: http://terminology.hl7.org/CodeSystem/security-source-type code 3 \u003d \u0027Web Server\u0027, stated as \u0027Web Server\u0027)\u003c/td\u003e\u003c/tr\u003e\u003c/table\u003e\u003c/div\u003e"
  },
  "type": {
    "system": "http://dicom.nema.org/resources/ontology/DCM",
    "code": "110114",
    "display": "User Authentication"
  },
  "subtype": [
    {
      "system": "http://dicom.nema.org/resources/ontology/DCM",
      "code": "110123",
      "display": "Logout"
    }
  ],
  "action": "E",
  "recorded": "2013-06-20T23:46:41Z",
  "outcome": "0",
  "agent": [
    {
      "type": {
        "coding": [
          {
            "system": "http://terminology.hl7.org/CodeSystem/extra-security-role-type",
            "code": "humanuser",
            "display": "human user"
          }
        ]
      },
      "who": {
        "identifier": {
          "value": "95"
        }
      },
      "altId": "601847123",
      "name": "Grahame Grieve",
      "requestor": true,
      "network": {
        "address": "127.0.0.1",
        "type": "2"
      }
    },
    {
      "type": {
        "coding": [
          {
            "system": "http://dicom.nema.org/resources/ontology/DCM",
            "code": "110153",
            "display": "Source Role ID"
          }
        ]
      },
      "who": {
        "identifier": {
          "system": "urn:oid:2.16.840.1.113883.4.2",
          "value": "2.16.840.1.113883.4.2"
        }
      },
      "altId": "6580",
      "requestor": false,
      "network": {
        "address": "Workstation1.ehr.familyclinic.com",
        "type": "1"
      }
    }
  ],
  "source": {
    "site": "Cloud",
    "observer": {
      "identifier": {
        "value": "hl7connect.healthintersections.com.au"
      }
    },
    "type": [
      {
        "system": "http://terminology.hl7.org/CodeSystem/security-source-type",
        "code": "3",
        "display": "Web Server"
      }
    ]
  },
  "meta": {
    "tag": [
      {
        "system": "http://terminology.hl7.org/CodeSystem/v3-ActReason",
        "code": "HTEST",
        "display": "test health data"
      }
    ]
  }
}