{
  "resourceType": "ConceptMap",
  "id": "cm-composition-status-v3",
  "text": {
    "status": "generated",
    "div": "\u003cdiv xmlns\u003d\"http://www.w3.org/1999/xhtml\"\u003e\u003ch2\u003ev3.CompositionStatus (http://hl7.org/fhir/ConceptMap/cm-composition-status-v3)\u003c/h2\u003e\u003cp\u003eMapping from \u003ca href\u003d\"valueset-composition-status.html\"\u003ehttp://hl7.org/fhir/ValueSet/composition-status\u003c/a\u003e to \u003ca href\u003d\"v3/ActStatus/vs.html\"\u003ehttp://terminology.hl7.org/ValueSet/v3-ActStatus\u003c/a\u003e\u003c/p\u003e\u003cp\u003eDRAFT. Published on Jan 21, 2021 3:34:20 PM by HL7 (FHIR Project) (\u003ca href\u003d\"http://hl7.org/fhir\"\u003ehttp://hl7.org/fhir\u003c/a\u003e, \u003ca href\u003d\"mailto:fhir@lists.hl7.org\"\u003efhir@lists.hl7.org\u003c/a\u003e). \u003c/p\u003e\u003cbr/\u003e\u003ctable class\u003d\"grid\"\u003e\u003ctr\u003e\u003ctd\u003e\u003cb\u003eSource Code\u003c/b\u003e\u003c/td\u003e\u003ctd\u003e\u003cb\u003eEquivalence\u003c/b\u003e\u003c/td\u003e\u003ctd\u003e\u003cb\u003eDestination Code\u003c/b\u003e\u003c/td\u003e\u003c/tr\u003e\u003ctr\u003e\u003ctd\u003epreliminary\u003c/td\u003e\u003ctd\u003eequivalent\u003c/td\u003e\u003ctd\u003eactive\u003c/td\u003e\u003c/tr\u003e\u003ctr\u003e\u003ctd\u003efinal\u003c/td\u003e\u003ctd\u003ewider\u003c/td\u003e\u003ctd\u003ecompleted\u003c/td\u003e\u003c/tr\u003e\u003ctr\u003e\u003ctd\u003eamended\u003c/td\u003e\u003ctd\u003ewider\u003c/td\u003e\u003ctd\u003ecompleted\u003c/td\u003e\u003c/tr\u003e\u003ctr\u003e\u003ctd\u003eentered-in-error\u003c/td\u003e\u003ctd\u003eequivalent\u003c/td\u003e\u003ctd\u003enullified\u003c/td\u003e\u003c/tr\u003e\u003c/table\u003e\u003c/div\u003e"
  },
  "url": "http://hl7.org/fhir/ConceptMap/cm-composition-status-v3",
  "version": "4.0.1",
  "name": "v3.CompositionStatus",
  "title": "v3 map for CompositionStatus",
  "status": "draft",
  "date": "2021-01-21T15:34:20+00:00",
  "publisher": "HL7 (FHIR Project)",
  "contact": [
    {
      "telecom": [
        {
          "system": "url",
          "value": "http://hl7.org/fhir"
        },
        {
          "system": "email",
          "value": "fhir@lists.hl7.org"
        }
      ]
    }
  ],
  "sourceCanonical": "http://hl7.org/fhir/ValueSet/composition-status",
  "targetCanonical": "http://terminology.hl7.org/ValueSet/v3-ActStatus",
  "group": [
    {
      "source": "http://hl7.org/fhir/composition-status",
      "target": "http://terminology.hl7.org/CodeSystem/v3-ActStatus",
      "element": [
        {
          "code": "preliminary",
          "target": [
            {
              "code": "active",
              "equivalence": "equivalent"
            }
          ]
        },
        {
          "code": "final",
          "target": [
            {
              "code": "completed",
              "equivalence": "wider"
            }
          ]
        },
        {
          "code": "amended",
          "target": [
            {
              "code": "completed",
              "equivalence": "wider"
            }
          ]
        },
        {
          "code": "entered-in-error",
          "target": [
            {
              "code": "nullified",
              "equivalence": "equivalent"
            }
          ]
        }
      ]
    }
  ]
}