{
  "resourceType": "CodeSystem",
  "id": "examplescenario-actor-type",
  "meta": {
    "lastUpdated": "2021-01-21T15:34:20.265+00:00"
  },
  "text": {
    "status": "generated",
    "div": "\u003cdiv xmlns\u003d\"http://www.w3.org/1999/xhtml\"\u003e\u003ch2\u003eExampleScenarioActorType\u003c/h2\u003e\u003cdiv\u003e\u003cp\u003eThe type of actor - system or human.\u003c/p\u003e\n\u003c/div\u003e\u003cp\u003eThis code system http://hl7.org/fhir/examplescenario-actor-type defines the following codes:\u003c/p\u003e\u003ctable class\u003d\"codes\"\u003e\u003ctr\u003e\u003ctd style\u003d\"white-space:nowrap\"\u003e\u003cb\u003eCode\u003c/b\u003e\u003c/td\u003e\u003ctd\u003e\u003cb\u003eDisplay\u003c/b\u003e\u003c/td\u003e\u003ctd\u003e\u003cb\u003eDefinition\u003c/b\u003e\u003c/td\u003e\u003c/tr\u003e\u003ctr\u003e\u003ctd style\u003d\"white-space:nowrap\"\u003eperson\u003ca name\u003d\"examplescenario-actor-type-person\"\u003e \u003c/a\u003e\u003c/td\u003e\u003ctd\u003ePerson\u003c/td\u003e\u003ctd\u003eA person.\u003c/td\u003e\u003c/tr\u003e\u003ctr\u003e\u003ctd style\u003d\"white-space:nowrap\"\u003eentity\u003ca name\u003d\"examplescenario-actor-type-entity\"\u003e \u003c/a\u003e\u003c/td\u003e\u003ctd\u003eSystem\u003c/td\u003e\u003ctd\u003eA system.\u003c/td\u003e\u003c/tr\u003e\u003c/table\u003e\u003c/div\u003e"
  },
  "extension": [
    {
      "url": "http://hl7.org/fhir/StructureDefinition/structuredefinition-wg",
      "valueCode": "fhir"
    },
    {
      "url": "http://hl7.org/fhir/StructureDefinition/structuredefinition-standards-status",
      "valueCode": "trial-use"
    },
    {
      "url": "http://hl7.org/fhir/StructureDefinition/structuredefinition-fmm",
      "valueInteger": 0
    }
  ],
  "url": "http://hl7.org/fhir/examplescenario-actor-type",
  "identifier": [
    {
      "system": "urn:ietf:rfc:3986",
      "value": "urn:oid:2.16.840.1.113883.4.642.4.859"
    }
  ],
  "version": "4.0.1",
  "name": "ExampleScenarioActorType",
  "title": "ExampleScenarioActorType",
  "status": "draft",
  "experimental": false,
  "date": "2021-01-21T15:34:20+00:00",
  "publisher": "HL7 (FHIR Project)",
  "contact": [
    {
      "telecom": [
        {
          "system": "url",
          "value": "http://hl7.org/fhir"
        },
        {
          "system": "email",
          "value": "fhir@lists.hl7.org"
        }
      ]
    }
  ],
  "description": "The type of actor - system or human.",
  "caseSensitive": true,
  "valueSet": "http://hl7.org/fhir/ValueSet/examplescenario-actor-type",
  "content": "complete",
  "concept": [
    {
      "code": "person",
      "display": "Person",
      "definition": "A person."
    },
    {
      "code": "entity",
      "display": "System",
      "definition": "A system."
    }
  ]
}