{
  "resourceType": "CodeSystem",
  "id": "practitioner-specialty",
  "meta": {
    "lastUpdated": "2021-01-21T15:34:20.265+00:00",
    "profile": [
      "http://hl7.org/fhir/StructureDefinition/shareablecodesystem"
    ]
  },
  "text": {
    "status": "generated",
    "div": "\u003cdiv xmlns\u003d\"http://www.w3.org/1999/xhtml\"\u003e\u003ch2\u003ePractitioner specialty\u003c/h2\u003e\u003cdiv\u003e\u003cp\u003eThis example value set defines a set of codes that can be used to indicate the specialty of a Practitioner.\u003c/p\u003e\n\u003c/div\u003e\u003cp\u003eThis code system http://hl7.org/fhir/practitioner-specialty defines the following codes:\u003c/p\u003e\u003ctable class\u003d\"codes\"\u003e\u003ctr\u003e\u003ctd style\u003d\"white-space:nowrap\"\u003e\u003cb\u003eCode\u003c/b\u003e\u003c/td\u003e\u003ctd\u003e\u003cb\u003eDisplay\u003c/b\u003e\u003c/td\u003e\u003ctd\u003e\u003cb\u003eDefinition\u003c/b\u003e\u003c/td\u003e\u003c/tr\u003e\u003ctr\u003e\u003ctd style\u003d\"white-space:nowrap\"\u003ecardio\u003ca name\u003d\"practitioner-specialty-cardio\"\u003e \u003c/a\u003e\u003c/td\u003e\u003ctd\u003eCardiologist\u003c/td\u003e\u003ctd/\u003e\u003c/tr\u003e\u003ctr\u003e\u003ctd style\u003d\"white-space:nowrap\"\u003edent\u003ca name\u003d\"practitioner-specialty-dent\"\u003e \u003c/a\u003e\u003c/td\u003e\u003ctd\u003eDentist\u003c/td\u003e\u003ctd/\u003e\u003c/tr\u003e\u003ctr\u003e\u003ctd style\u003d\"white-space:nowrap\"\u003edietary\u003ca name\u003d\"practitioner-specialty-dietary\"\u003e \u003c/a\u003e\u003c/td\u003e\u003ctd\u003eDietary consultant\u003c/td\u003e\u003ctd/\u003e\u003c/tr\u003e\u003ctr\u003e\u003ctd style\u003d\"white-space:nowrap\"\u003emidw\u003ca name\u003d\"practitioner-specialty-midw\"\u003e \u003c/a\u003e\u003c/td\u003e\u003ctd\u003eMidwife\u003c/td\u003e\u003ctd/\u003e\u003c/tr\u003e\u003ctr\u003e\u003ctd style\u003d\"white-space:nowrap\"\u003esysarch\u003ca name\u003d\"practitioner-specialty-sysarch\"\u003e \u003c/a\u003e\u003c/td\u003e\u003ctd\u003eSystems architect\u003c/td\u003e\u003ctd/\u003e\u003c/tr\u003e\u003c/table\u003e\u003c/div\u003e"
  },
  "url": "http://hl7.org/fhir/practitioner-specialty",
  "identifier": [
    {
      "system": "urn:ietf:rfc:3986",
      "value": "urn:oid:2.16.840.1.113883.4.642.4.442"
    }
  ],
  "version": "4.0.1",
  "name": "PractitionerSpecialty",
  "title": "Practitioner specialty",
  "status": "draft",
  "experimental": false,
  "publisher": "FHIR Project team",
  "contact": [
    {
      "telecom": [
        {
          "system": "url",
          "value": "http://hl7.org/fhir"
        }
      ]
    }
  ],
  "description": "This example value set defines a set of codes that can be used to indicate the specialty of a Practitioner.",
  "caseSensitive": true,
  "valueSet": "http://hl7.org/fhir/ValueSet/practitioner-specialty",
  "content": "complete",
  "concept": [
    {
      "code": "cardio",
      "display": "Cardiologist"
    },
    {
      "code": "dent",
      "display": "Dentist"
    },
    {
      "code": "dietary",
      "display": "Dietary consultant"
    },
    {
      "code": "midw",
      "display": "Midwife"
    },
    {
      "code": "sysarch",
      "display": "Systems architect"
    }
  ]
}