{
  "resourceType": "CodeSystem",
  "id": "network-type",
  "meta": {
    "lastUpdated": "2021-01-21T15:34:20.265+00:00"
  },
  "text": {
    "status": "generated",
    "div": "\u003cdiv xmlns\u003d\"http://www.w3.org/1999/xhtml\"\u003e\u003ch2\u003eAuditEventAgentNetworkType\u003c/h2\u003e\u003cdiv\u003e\u003cp\u003eThe type of network access point of this agent in the audit event.\u003c/p\u003e\n\u003c/div\u003e\u003cp\u003eThis code system http://hl7.org/fhir/network-type defines the following codes:\u003c/p\u003e\u003ctable class\u003d\"codes\"\u003e\u003ctr\u003e\u003ctd style\u003d\"white-space:nowrap\"\u003e\u003cb\u003eCode\u003c/b\u003e\u003c/td\u003e\u003ctd\u003e\u003cb\u003eDisplay\u003c/b\u003e\u003c/td\u003e\u003ctd\u003e\u003cb\u003eDefinition\u003c/b\u003e\u003c/td\u003e\u003c/tr\u003e\u003ctr\u003e\u003ctd style\u003d\"white-space:nowrap\"\u003e1\u003ca name\u003d\"network-type-1\"\u003e \u003c/a\u003e\u003c/td\u003e\u003ctd\u003eMachine Name\u003c/td\u003e\u003ctd\u003eThe machine name, including DNS name.\u003c/td\u003e\u003c/tr\u003e\u003ctr\u003e\u003ctd style\u003d\"white-space:nowrap\"\u003e2\u003ca name\u003d\"network-type-2\"\u003e \u003c/a\u003e\u003c/td\u003e\u003ctd\u003eIP Address\u003c/td\u003e\u003ctd\u003eThe assigned Internet Protocol (IP) address.\u003c/td\u003e\u003c/tr\u003e\u003ctr\u003e\u003ctd style\u003d\"white-space:nowrap\"\u003e3\u003ca name\u003d\"network-type-3\"\u003e \u003c/a\u003e\u003c/td\u003e\u003ctd\u003eTelephone Number\u003c/td\u003e\u003ctd\u003eThe assigned telephone number.\u003c/td\u003e\u003c/tr\u003e\u003ctr\u003e\u003ctd style\u003d\"white-space:nowrap\"\u003e4\u003ca name\u003d\"network-type-4\"\u003e \u003c/a\u003e\u003c/td\u003e\u003ctd\u003eEmail address\u003c/td\u003e\u003ctd\u003eThe assigned email address.\u003c/td\u003e\u003c/tr\u003e\u003ctr\u003e\u003ctd style\u003d\"white-space:nowrap\"\u003e5\u003ca name\u003d\"network-type-5\"\u003e \u003c/a\u003e\u003c/td\u003e\u003ctd\u003eURI\u003c/td\u003e\u003ctd\u003eURI (User directory, HTTP-PUT, ftp, etc.).\u003c/td\u003e\u003c/tr\u003e\u003c/table\u003e\u003c/div\u003e"
  },
  "extension": [
    {
      "url": "http://hl7.org/fhir/StructureDefinition/structuredefinition-wg",
      "valueCode": "sec"
    },
    {
      "url": "http://hl7.org/fhir/StructureDefinition/structuredefinition-standards-status",
      "valueCode": "trial-use"
    },
    {
      "url": "http://hl7.org/fhir/StructureDefinition/structuredefinition-fmm",
      "valueInteger": 3
    }
  ],
  "url": "http://hl7.org/fhir/network-type",
  "identifier": [
    {
      "system": "urn:ietf:rfc:3986",
      "value": "urn:oid:2.16.840.1.113883.4.642.4.457"
    }
  ],
  "version": "4.0.1",
  "name": "AuditEventAgentNetworkType",
  "title": "AuditEventAgentNetworkType",
  "status": "draft",
  "experimental": false,
  "date": "2021-01-21T15:34:20+00:00",
  "publisher": "HL7 (FHIR Project)",
  "contact": [
    {
      "telecom": [
        {
          "system": "url",
          "value": "http://hl7.org/fhir"
        },
        {
          "system": "email",
          "value": "fhir@lists.hl7.org"
        }
      ]
    }
  ],
  "description": "The type of network access point of this agent in the audit event.",
  "caseSensitive": true,
  "valueSet": "http://hl7.org/fhir/ValueSet/network-type",
  "content": "complete",
  "concept": [
    {
      "code": "1",
      "display": "Machine Name",
      "definition": "The machine name, including DNS name."
    },
    {
      "code": "2",
      "display": "IP Address",
      "definition": "The assigned Internet Protocol (IP) address."
    },
    {
      "code": "3",
      "display": "Telephone Number",
      "definition": "The assigned telephone number."
    },
    {
      "code": "4",
      "display": "Email address",
      "definition": "The assigned email address."
    },
    {
      "code": "5",
      "display": "URI",
      "definition": "URI (User directory, HTTP-PUT, ftp, etc.)."
    }
  ]
}