{
  "resourceType": "CodeSystem",
  "id": "binding-strength",
  "meta": {
    "lastUpdated": "2021-01-21T15:34:20.265+00:00"
  },
  "text": {
    "status": "generated",
    "div": "\u003cdiv xmlns\u003d\"http://www.w3.org/1999/xhtml\"\u003e\u003ch2\u003eBindingStrength\u003c/h2\u003e\u003cdiv\u003e\u003cp\u003eIndication of the degree of conformance expectations associated with a binding.\u003c/p\u003e\n\u003c/div\u003e\u003cp\u003eThis code system http://hl7.org/fhir/binding-strength defines the following codes:\u003c/p\u003e\u003ctable class\u003d\"codes\"\u003e\u003ctr\u003e\u003ctd style\u003d\"white-space:nowrap\"\u003e\u003cb\u003eCode\u003c/b\u003e\u003c/td\u003e\u003ctd\u003e\u003cb\u003eDisplay\u003c/b\u003e\u003c/td\u003e\u003ctd\u003e\u003cb\u003eDefinition\u003c/b\u003e\u003c/td\u003e\u003c/tr\u003e\u003ctr\u003e\u003ctd style\u003d\"white-space:nowrap\"\u003erequired\u003ca name\u003d\"binding-strength-required\"\u003e \u003c/a\u003e\u003c/td\u003e\u003ctd\u003eRequired\u003c/td\u003e\u003ctd\u003eTo be conformant, the concept in this element SHALL be from the specified value set.\u003c/td\u003e\u003c/tr\u003e\u003ctr\u003e\u003ctd style\u003d\"white-space:nowrap\"\u003eextensible\u003ca name\u003d\"binding-strength-extensible\"\u003e \u003c/a\u003e\u003c/td\u003e\u003ctd\u003eExtensible\u003c/td\u003e\u003ctd\u003eTo be conformant, the concept in this element SHALL be from the specified value set if any of the codes within the value set can apply to the concept being communicated.  If the value set does not cover the concept (based on human review), alternate codings (or, data type allowing, text) may be included instead.\u003c/td\u003e\u003c/tr\u003e\u003ctr\u003e\u003ctd style\u003d\"white-space:nowrap\"\u003epreferred\u003ca name\u003d\"binding-strength-preferred\"\u003e \u003c/a\u003e\u003c/td\u003e\u003ctd\u003ePreferred\u003c/td\u003e\u003ctd\u003eInstances are encouraged to draw from the specified codes for interoperability purposes but are not required to do so to be considered conformant.\u003c/td\u003e\u003c/tr\u003e\u003ctr\u003e\u003ctd style\u003d\"white-space:nowrap\"\u003eexample\u003ca name\u003d\"binding-strength-example\"\u003e \u003c/a\u003e\u003c/td\u003e\u003ctd\u003eExample\u003c/td\u003e\u003ctd\u003eInstances are not expected or even encouraged to draw from the specified value set.  The value set merely provides examples of the types of concepts intended to be included.\u003c/td\u003e\u003c/tr\u003e\u003c/table\u003e\u003c/div\u003e"
  },
  "extension": [
    {
      "url": "http://hl7.org/fhir/StructureDefinition/structuredefinition-wg",
      "valueCode": "fhir"
    },
    {
      "url": "http://hl7.org/fhir/StructureDefinition/structuredefinition-standards-status",
      "valueCode": "normative"
    },
    {
      "url": "http://hl7.org/fhir/StructureDefinition/structuredefinition-normative-version",
      "valueCode": "4.0.0"
    },
    {
      "url": "http://hl7.org/fhir/StructureDefinition/structuredefinition-fmm",
      "valueInteger": 5
    }
  ],
  "url": "http://hl7.org/fhir/binding-strength",
  "identifier": [
    {
      "system": "urn:ietf:rfc:3986",
      "value": "urn:oid:2.16.840.1.113883.4.642.4.44"
    }
  ],
  "version": "4.0.1",
  "name": "BindingStrength",
  "title": "BindingStrength",
  "status": "active",
  "experimental": false,
  "date": "2021-01-21T15:34:20+00:00",
  "description": "Indication of the degree of conformance expectations associated with a binding.",
  "caseSensitive": true,
  "valueSet": "http://hl7.org/fhir/ValueSet/binding-strength",
  "content": "complete",
  "concept": [
    {
      "code": "required",
      "display": "Required",
      "definition": "To be conformant, the concept in this element SHALL be from the specified value set."
    },
    {
      "code": "extensible",
      "display": "Extensible",
      "definition": "To be conformant, the concept in this element SHALL be from the specified value set if any of the codes within the value set can apply to the concept being communicated.  If the value set does not cover the concept (based on human review), alternate codings (or, data type allowing, text) may be included instead."
    },
    {
      "code": "preferred",
      "display": "Preferred",
      "definition": "Instances are encouraged to draw from the specified codes for interoperability purposes but are not required to do so to be considered conformant."
    },
    {
      "code": "example",
      "display": "Example",
      "definition": "Instances are not expected or even encouraged to draw from the specified value set.  The value set merely provides examples of the types of concepts intended to be included."
    }
  ]
}