{
  "resourceType": "CodeSystem",
  "id": "benefit-unit",
  "meta": {
    "lastUpdated": "2021-01-21T15:34:20.265+00:00",
    "profile": [
      "http://hl7.org/fhir/StructureDefinition/shareablecodesystem"
    ]
  },
  "text": {
    "status": "generated",
    "div": "\u003cdiv xmlns\u003d\"http://www.w3.org/1999/xhtml\"\u003e\u003ch2\u003eUnit Type Codes\u003c/h2\u003e\u003cdiv\u003e\u003cp\u003eThis value set includes a smattering of Unit type codes.\u003c/p\u003e\n\u003c/div\u003e\u003cp\u003e\u003cb\u003eCopyright Statement:\u003c/b\u003e\u003c/p\u003e\u003cdiv\u003e\u003cp\u003eThis is an example set.\u003c/p\u003e\n\u003c/div\u003e\u003cp\u003eThis code system http://terminology.hl7.org/CodeSystem/benefit-unit defines the following codes:\u003c/p\u003e\u003ctable class\u003d\"codes\"\u003e\u003ctr\u003e\u003ctd style\u003d\"white-space:nowrap\"\u003e\u003cb\u003eCode\u003c/b\u003e\u003c/td\u003e\u003ctd\u003e\u003cb\u003eDisplay\u003c/b\u003e\u003c/td\u003e\u003ctd\u003e\u003cb\u003eDefinition\u003c/b\u003e\u003c/td\u003e\u003c/tr\u003e\u003ctr\u003e\u003ctd style\u003d\"white-space:nowrap\"\u003eindividual\u003ca name\u003d\"benefit-unit-individual\"\u003e \u003c/a\u003e\u003c/td\u003e\u003ctd\u003eIndividual\u003c/td\u003e\u003ctd\u003eA single individual\u003c/td\u003e\u003c/tr\u003e\u003ctr\u003e\u003ctd style\u003d\"white-space:nowrap\"\u003efamily\u003ca name\u003d\"benefit-unit-family\"\u003e \u003c/a\u003e\u003c/td\u003e\u003ctd\u003eFamily\u003c/td\u003e\u003ctd\u003eA family, typically includes self, spouse(s) and children to a defined age\u003c/td\u003e\u003c/tr\u003e\u003c/table\u003e\u003c/div\u003e"
  },
  "extension": [
    {
      "url": "http://hl7.org/fhir/StructureDefinition/structuredefinition-wg",
      "valueCode": "fm"
    },
    {
      "url": "http://hl7.org/fhir/StructureDefinition/structuredefinition-standards-status",
      "valueCode": "draft"
    },
    {
      "url": "http://hl7.org/fhir/StructureDefinition/structuredefinition-fmm",
      "valueInteger": 1
    }
  ],
  "url": "http://terminology.hl7.org/CodeSystem/benefit-unit",
  "identifier": [
    {
      "system": "urn:ietf:rfc:3986",
      "value": "urn:oid:2.16.840.1.113883.4.642.4.1178"
    }
  ],
  "version": "4.0.1",
  "name": "UnitTypeCodes",
  "title": "Unit Type Codes",
  "status": "draft",
  "experimental": false,
  "publisher": "Financial Management",
  "contact": [
    {
      "telecom": [
        {
          "system": "url",
          "value": "http://hl7.org/fhir"
        }
      ]
    }
  ],
  "description": "This value set includes a smattering of Unit type codes.",
  "copyright": "This is an example set.",
  "caseSensitive": true,
  "valueSet": "http://hl7.org/fhir/ValueSet/benefit-unit",
  "content": "complete",
  "concept": [
    {
      "code": "individual",
      "display": "Individual",
      "definition": "A single individual"
    },
    {
      "code": "family",
      "display": "Family",
      "definition": "A family, typically includes self, spouse(s) and children to a defined age"
    }
  ]
}