{
  "resourceType": "MedicationRequest",
  "id": "medrx0307",
  "text": {
    "status": "generated",
    "div": "\u003cdiv xmlns\u003d\"http://www.w3.org/1999/xhtml\"\u003e\u003cp\u003e\u003cb\u003eGenerated Narrative with Details\u003c/b\u003e\u003c/p\u003e\u003cp\u003e\u003cb\u003eid\u003c/b\u003e: medrx0307\u003c/p\u003e\u003cp\u003e\u003cb\u003econtained\u003c/b\u003e: \u003c/p\u003e\u003cp\u003e\u003cb\u003eidentifier\u003c/b\u003e: 12345689 (OFFICIAL)\u003c/p\u003e\u003cp\u003e\u003cb\u003estatus\u003c/b\u003e: completed\u003c/p\u003e\u003cp\u003e\u003cb\u003eintent\u003c/b\u003e: order\u003c/p\u003e\u003cp\u003e\u003cb\u003emedication\u003c/b\u003e: id: med0308; Percocet tablet \u003cspan\u003e(Details : {http://hl7.org/fhir/sid/ndc code \u002716590-619-30\u0027 \u003d \u0027n/a\u0027, given as \u0027Percocet tablet\u0027})\u003c/span\u003e\u003c/p\u003e\u003cp\u003e\u003cb\u003esubject\u003c/b\u003e: \u003ca\u003eDonald Duck\u003c/a\u003e\u003c/p\u003e\u003cp\u003e\u003cb\u003eencounter\u003c/b\u003e: \u003ca\u003eencounter who leads to this prescription\u003c/a\u003e\u003c/p\u003e\u003cp\u003e\u003cb\u003eauthoredOn\u003c/b\u003e: Jan 15, 2015\u003c/p\u003e\u003cp\u003e\u003cb\u003erequester\u003c/b\u003e: \u003ca\u003ePatrick Pump\u003c/a\u003e\u003c/p\u003e\u003cp\u003e\u003cb\u003edosageInstruction\u003c/b\u003e: \u003c/p\u003e\u003ch3\u003eDispenseRequests\u003c/h3\u003e\u003ctable\u003e\u003ctr\u003e\u003ctd\u003e-\u003c/td\u003e\u003ctd\u003e\u003cb\u003eValidityPeriod\u003c/b\u003e\u003c/td\u003e\u003ctd\u003e\u003cb\u003eQuantity\u003c/b\u003e\u003c/td\u003e\u003ctd\u003e\u003cb\u003eExpectedSupplyDuration\u003c/b\u003e\u003c/td\u003e\u003c/tr\u003e\u003ctr\u003e\u003ctd\u003e*\u003c/td\u003e\u003ctd\u003eJan 15, 2015 --\u0026gt; Jan 15, 2016\u003c/td\u003e\u003ctd\u003e30 TAB\u003cspan\u003e (Details: http://terminology.hl7.org/CodeSystem/v3-orderableDrugForm code TAB \u003d \u0027Tablet\u0027)\u003c/span\u003e\u003c/td\u003e\u003ctd\u003e10 days\u003cspan\u003e (Details: UCUM code d \u003d \u0027d\u0027)\u003c/span\u003e\u003c/td\u003e\u003c/tr\u003e\u003c/table\u003e\u003ch3\u003eSubstitutions\u003c/h3\u003e\u003ctable\u003e\u003ctr\u003e\u003ctd\u003e-\u003c/td\u003e\u003ctd\u003e\u003cb\u003eAllowed[x]\u003c/b\u003e\u003c/td\u003e\u003ctd\u003e\u003cb\u003eReason\u003c/b\u003e\u003c/td\u003e\u003c/tr\u003e\u003ctr\u003e\u003ctd\u003e*\u003c/td\u003e\u003ctd\u003etrue\u003c/td\u003e\u003ctd\u003eformulary policy \u003cspan\u003e(Details : {http://terminology.hl7.org/CodeSystem/v3-ActReason code \u0027FP\u0027 \u003d \u0027formulary policy\u0027, given as \u0027formulary policy\u0027})\u003c/span\u003e\u003c/td\u003e\u003c/tr\u003e\u003c/table\u003e\u003c/div\u003e"
  },
  "contained": [
    {
      "resourceType": "Medication",
      "id": "med0308",
      "code": {
        "coding": [
          {
            "system": "http://hl7.org/fhir/sid/ndc",
            "code": "16590-619-30",
            "display": "Percocet tablet"
          }
        ]
      }
    }
  ],
  "identifier": [
    {
      "use": "official",
      "system": "http://www.bmc.nl/portal/prescriptions",
      "value": "12345689"
    }
  ],
  "status": "completed",
  "intent": "order",
  "medicationReference": {
    "reference": "#med0308"
  },
  "subject": {
    "reference": "Patient/pat1",
    "display": "Donald Duck"
  },
  "encounter": {
    "reference": "Encounter/f001",
    "display": "encounter who leads to this prescription"
  },
  "authoredOn": "2015-01-15",
  "requester": {
    "reference": "Practitioner/f007",
    "display": "Patrick Pump"
  },
  "dosageInstruction": [
    {
      "sequence": 1,
      "text": "1 tablet every four hours as needed for pain",
      "additionalInstruction": [
        {
          "coding": [
            {
              "system": "http://snomed.info/sct",
              "code": "418914006",
              "display": "Warning. May cause drowsiness. If affected do not drive or operate machinery. Avoid alcoholic drink (qualifier value)"
            }
          ]
        }
      ],
      "timing": {
        "repeat": {
          "frequency": 1,
          "period": 4,
          "periodUnit": "h"
        }
      },
      "asNeededCodeableConcept": {
        "coding": [
          {
            "system": "http://snomed.info/sct",
            "code": "203082005",
            "display": "Fibromyalgia (disorder)"
          }
        ]
      },
      "route": {
        "coding": [
          {
            "system": "http://snomed.info/sct",
            "code": "26643006",
            "display": "Oral Route"
          }
        ]
      },
      "doseAndRate": [
        {
          "type": {
            "coding": [
              {
                "system": "http://terminology.hl7.org/CodeSystem/dose-rate-type",
                "code": "ordered",
                "display": "Ordered"
              }
            ]
          },
          "doseQuantity": {
            "value": 1,
            "unit": "TAB",
            "system": "http://terminology.hl7.org/CodeSystem/v3-orderableDrugForm",
            "code": "TAB"
          }
        }
      ]
    }
  ],
  "dispenseRequest": {
    "validityPeriod": {
      "start": "2015-01-15",
      "end": "2016-01-15"
    },
    "quantity": {
      "value": 30,
      "unit": "TAB",
      "system": "http://terminology.hl7.org/CodeSystem/v3-orderableDrugForm",
      "code": "TAB"
    },
    "expectedSupplyDuration": {
      "value": 10,
      "unit": "days",
      "system": "http://unitsofmeasure.org",
      "code": "d"
    }
  },
  "substitution": {
    "allowedBoolean": true,
    "reason": {
      "coding": [
        {
          "system": "http://terminology.hl7.org/CodeSystem/v3-ActReason",
          "code": "FP",
          "display": "formulary policy"
        }
      ]
    }
  },
  "meta": {
    "tag": [
      {
        "system": "http://terminology.hl7.org/CodeSystem/v3-ActReason",
        "code": "HTEST",
        "display": "test health data"
      }
    ]
  }
}