{
  "resourceType": "MedicationAdministration",
  "id": "medadminexample03",
  "text": {
    "status": "generated",
    "div": "\u003cdiv xmlns\u003d\"http://www.w3.org/1999/xhtml\"\u003e\u003cp\u003e\u003cb\u003eGenerated Narrative with Details\u003c/b\u003e\u003c/p\u003e\u003cp\u003e\u003cb\u003eid\u003c/b\u003e: medadminexample03\u003c/p\u003e\u003cp\u003e\u003cb\u003econtained\u003c/b\u003e: \u003c/p\u003e\u003cp\u003e\u003cb\u003estatus\u003c/b\u003e: on-hold\u003c/p\u003e\u003cp\u003e\u003cb\u003estatusReason\u003c/b\u003e: Administration of medication not done due to a contraindication (situation) \u003cspan\u003e(Details : {SNOMED CT code \u0027373147003\u0027 \u003d \u0027Medication not administered because contraindicated\u0027, given as \u0027Administration of medication not done due to a contraindication (situation)\u0027})\u003c/span\u003e\u003c/p\u003e\u003cp\u003e\u003cb\u003emedication\u003c/b\u003e: id: med0303; Alemtuzumab 10mg/ml (Lemtrada) \u003cspan\u003e(Details : {RxNorm code \u00271594660\u0027 \u003d \u0027alemtuzumab 10 MG/ML [Lemtrada]\u0027, given as \u0027Alemtuzumab 10mg/ml (Lemtrada)\u0027})\u003c/span\u003e\u003c/p\u003e\u003cp\u003e\u003cb\u003esubject\u003c/b\u003e: \u003ca\u003eDonald Duck\u003c/a\u003e\u003c/p\u003e\u003cp\u003e\u003cb\u003econtext\u003c/b\u003e: \u003ca\u003eEncounter/f001\u003c/a\u003e\u003c/p\u003e\u003cp\u003e\u003cb\u003esupportingInformation\u003c/b\u003e: \u003ca\u003eCondition/f204\u003c/a\u003e\u003c/p\u003e\u003cp\u003e\u003cb\u003eeffective\u003c/b\u003e: Jan 15, 2015 2:30:00 PM --\u0026gt; Jan 15, 2015 2:30:00 PM\u003c/p\u003e\u003cp\u003e\u003cb\u003erequest\u003c/b\u003e: \u003ca\u003eMedicationRequest/medrx0317\u003c/a\u003e\u003c/p\u003e\u003cp\u003e\u003cb\u003enote\u003c/b\u003e: Patient started Bupropion this morning - will administer in a reduced dose tomorrow\u003c/p\u003e\u003c/div\u003e"
  },
  "contained": [
    {
      "resourceType": "Medication",
      "id": "med0303",
      "code": {
        "coding": [
          {
            "system": "http://www.nlm.nih.gov/research/umls/rxnorm",
            "code": "1594660",
            "display": "Alemtuzumab 10mg/ml (Lemtrada)"
          }
        ]
      }
    }
  ],
  "status": "on-hold",
  "statusReason": [
    {
      "coding": [
        {
          "system": "http://snomed.info/sct",
          "code": "373147003",
          "display": "Administration of medication not done due to a contraindication (situation)"
        }
      ]
    }
  ],
  "medicationReference": {
    "reference": "#med0303"
  },
  "subject": {
    "reference": "Patient/pat1",
    "display": "Donald Duck"
  },
  "context": {
    "reference": "Encounter/f001"
  },
  "supportingInformation": [
    {
      "reference": "Condition/f204"
    }
  ],
  "effectivePeriod": {
    "start": "2015-01-15T14:30:00+01:00",
    "end": "2015-01-15T14:30:00+01:00"
  },
  "request": {
    "reference": "MedicationRequest/medrx0317"
  },
  "note": [
    {
      "text": "Patient started Bupropion this morning - will administer in a reduced dose tomorrow"
    }
  ],
  "meta": {
    "tag": [
      {
        "system": "http://terminology.hl7.org/CodeSystem/v3-ActReason",
        "code": "HTEST",
        "display": "test health data"
      }
    ]
  }
}