{
  "resourceType": "Observation",
  "id": "example-haplotype2",
  "text": {
    "status": "generated",
    "div": "\u003cdiv xmlns\u003d\"http://www.w3.org/1999/xhtml\"\u003e\u003cp\u003e\u003cb\u003eGenerated Narrative with Details\u003c/b\u003e\u003c/p\u003e\u003cp\u003e\u003cb\u003eid\u003c/b\u003e: example-haplotype2\u003c/p\u003e\u003cp\u003e\u003cb\u003estatus\u003c/b\u003e: unknown\u003c/p\u003e\u003cp\u003e\u003cb\u003ecode\u003c/b\u003e: Genetic analysis master panel-- This is the parent OBR for the panel holding all of the associated observations that can be reported with a molecular genetics analysis result. \u003cspan\u003e(Details : {LOINC code \u002755233-1\u0027 \u003d \u0027Genetic analysis master panel - Blood or Tissue by Molecular genetics method\u0027, given as \u0027Genetic analysis master panel-- This is the parent OBR for the panel holding all of the associated observations that can be reported with a molecular genetics analysis result.\u0027})\u003c/span\u003e\u003c/p\u003e\u003cp\u003e\u003cb\u003esubject\u003c/b\u003e: \u003ca\u003eJ*********** C***********\u003c/a\u003e\u003c/p\u003e\u003cp\u003e\u003cb\u003eissued\u003c/b\u003e: Apr 3, 2013 3:30:10 PM\u003c/p\u003e\u003cp\u003e\u003cb\u003evalue\u003c/b\u003e: *4 \u003cspan\u003e(Details : {http://pharmakb.org code \u0027PA16581679\u0027 \u003d \u0027PA16581679\u0027, given as \u0027*4\u0027})\u003c/span\u003e\u003c/p\u003e\u003cp\u003e\u003cb\u003especimen\u003c/b\u003e: \u003ca\u003eMolecular Specimen ID: MLD45-Z4-1234\u003c/a\u003e\u003c/p\u003e\u003cp\u003e\u003cb\u003ederivedFrom\u003c/b\u003e: \u003c/p\u003e\u003cul\u003e\u003cli\u003e\u003ca\u003eMolecularSequence/example-pgx-1\u003c/a\u003e\u003c/li\u003e\u003cli\u003e\u003ca\u003eMolecularSequence/example-pgx-2\u003c/a\u003e\u003c/li\u003e\u003c/ul\u003e\u003c/div\u003e"
  },
  "extension": [
    {
      "url": "http://hl7.org/fhir/StructureDefinition/observation-geneticsGene",
      "valueCodeableConcept": {
        "coding": [
          {
            "system": "http://www.genenames.org",
            "code": "2623",
            "display": "CYP2C9"
          }
        ]
      }
    }
  ],
  "status": "unknown",
  "code": {
    "coding": [
      {
        "system": "http://loinc.org",
        "code": "55233-1",
        "display": "Genetic analysis master panel-- This is the parent OBR for the panel holding all of the associated observations that can be reported with a molecular genetics analysis result."
      }
    ]
  },
  "subject": {
    "reference": "Patient/727127",
    "display": "J*********** C***********"
  },
  "issued": "2013-04-03T15:30:10+01:00",
  "valueCodeableConcept": {
    "coding": [
      {
        "system": "http://pharmakb.org",
        "code": "PA16581679",
        "display": "*4"
      }
    ]
  },
  "specimen": {
    "reference": "Specimen/genetics-example1-somatic",
    "display": "Molecular Specimen ID: MLD45-Z4-1234"
  },
  "derivedFrom": [
    {
      "reference": "MolecularSequence/example-pgx-1"
    },
    {
      "reference": "MolecularSequence/example-pgx-2"
    }
  ],
  "meta": {
    "tag": [
      {
        "system": "http://terminology.hl7.org/CodeSystem/v3-ActReason",
        "code": "HTEST",
        "display": "test health data"
      }
    ]
  }
}