{
  "resourceType": "OperationDefinition",
  "id": "ConceptMap-translate",
  "text": {
    "status": "generated",
    "div": "\u003cdiv xmlns\u003d\"http://www.w3.org/1999/xhtml\"\u003e\u003ch2\u003eConcept Translation\u003c/h2\u003e\u003cp\u003eOPERATION: Concept Translation\u003c/p\u003e\u003cp\u003eThe official URL for this operation definition is: \u003c/p\u003e\u003cpre\u003ehttp://hl7.org/fhir/OperationDefinition/ConceptMap-translate\u003c/pre\u003e\u003cdiv\u003e\u003cp\u003eTranslate a code from one value set to another, based on the existing value set and concept maps resources, and/or other additional knowledge available to the server.\u003c/p\u003e\n\u003cp\u003eOne (and only one) of the in parameters (code, coding, codeableConcept) must be provided, to identify the code that is to be translated.\u003c/p\u003e\n\u003cp\u003eThe operation returns a set of parameters including a \u0027result\u0027 for whether there is an acceptable match, and a list of possible matches. Note that the list of matches may include notes of codes for which mapping is specifically excluded, so implementers have to check the match.equivalence for each match\u003c/p\u003e\n\u003c/div\u003e\u003cp\u003eURL: [base]/ConceptMap/$translate\u003c/p\u003e\u003cp\u003eURL: [base]/ConceptMap/[id]/$translate\u003c/p\u003e\u003cp\u003eParameters\u003c/p\u003e\u003ctable class\u003d\"grid\"\u003e\u003ctr\u003e\u003ctd\u003e\u003cb\u003eUse\u003c/b\u003e\u003c/td\u003e\u003ctd\u003e\u003cb\u003eName\u003c/b\u003e\u003c/td\u003e\u003ctd\u003e\u003cb\u003eCardinality\u003c/b\u003e\u003c/td\u003e\u003ctd\u003e\u003cb\u003eType\u003c/b\u003e\u003c/td\u003e\u003ctd\u003e\u003cb\u003eBinding\u003c/b\u003e\u003c/td\u003e\u003ctd\u003e\u003cb\u003eDocumentation\u003c/b\u003e\u003c/td\u003e\u003c/tr\u003e\u003ctr\u003e\u003ctd\u003eIN\u003c/td\u003e\u003ctd\u003eurl\u003c/td\u003e\u003ctd\u003e0..1\u003c/td\u003e\u003ctd\u003e\u003ca href\u003d\"datatypes.html#uri\"\u003euri\u003c/a\u003e\u003c/td\u003e\u003ctd/\u003e\u003ctd\u003e\u003cdiv\u003e\u003cp\u003eA canonical URL for a concept map. The server must know the concept map (e.g. it is defined explicitly in the server\u0027s concept maps, or it is defined implicitly by some code system known to the server.\u003c/p\u003e\n\u003c/div\u003e\u003c/td\u003e\u003c/tr\u003e\u003ctr\u003e\u003ctd\u003eIN\u003c/td\u003e\u003ctd\u003econceptMap\u003c/td\u003e\u003ctd\u003e0..1\u003c/td\u003e\u003ctd\u003e\u003ca href\u003d\"conceptmap.html\"\u003eConceptMap\u003c/a\u003e\u003c/td\u003e\u003ctd/\u003e\u003ctd\u003e\u003cdiv\u003e\u003cp\u003eThe concept map is provided directly as part of the request. Servers may choose not to accept concept maps in this fashion.\u003c/p\u003e\n\u003c/div\u003e\u003c/td\u003e\u003c/tr\u003e\u003ctr\u003e\u003ctd\u003eIN\u003c/td\u003e\u003ctd\u003econceptMapVersion\u003c/td\u003e\u003ctd\u003e0..1\u003c/td\u003e\u003ctd\u003e\u003ca href\u003d\"datatypes.html#string\"\u003estring\u003c/a\u003e\u003c/td\u003e\u003ctd/\u003e\u003ctd\u003e\u003cdiv\u003e\u003cp\u003eThe identifier that is used to identify a specific version of the concept map to be used for the translation. This is an arbitrary value managed by the concept map author and is not expected to be globally unique. For example, it might be a timestamp (e.g. yyyymmdd) if a managed version is not available.\u003c/p\u003e\n\u003c/div\u003e\u003c/td\u003e\u003c/tr\u003e\u003ctr\u003e\u003ctd\u003eIN\u003c/td\u003e\u003ctd\u003ecode\u003c/td\u003e\u003ctd\u003e0..1\u003c/td\u003e\u003ctd\u003e\u003ca href\u003d\"datatypes.html#code\"\u003ecode\u003c/a\u003e\u003c/td\u003e\u003ctd/\u003e\u003ctd\u003e\u003cdiv\u003e\u003cp\u003eThe code that is to be translated. If a code is provided, a system must be provided\u003c/p\u003e\n\u003c/div\u003e\u003c/td\u003e\u003c/tr\u003e\u003ctr\u003e\u003ctd\u003eIN\u003c/td\u003e\u003ctd\u003esystem\u003c/td\u003e\u003ctd\u003e0..1\u003c/td\u003e\u003ctd\u003e\u003ca href\u003d\"datatypes.html#uri\"\u003euri\u003c/a\u003e\u003c/td\u003e\u003ctd/\u003e\u003ctd\u003e\u003cdiv\u003e\u003cp\u003eThe system for the code that is to be translated\u003c/p\u003e\n\u003c/div\u003e\u003c/td\u003e\u003c/tr\u003e\u003ctr\u003e\u003ctd\u003eIN\u003c/td\u003e\u003ctd\u003eversion\u003c/td\u003e\u003ctd\u003e0..1\u003c/td\u003e\u003ctd\u003e\u003ca href\u003d\"datatypes.html#string\"\u003estring\u003c/a\u003e\u003c/td\u003e\u003ctd/\u003e\u003ctd\u003e\u003cdiv\u003e\u003cp\u003eThe version of the system, if one was provided in the source data\u003c/p\u003e\n\u003c/div\u003e\u003c/td\u003e\u003c/tr\u003e\u003ctr\u003e\u003ctd\u003eIN\u003c/td\u003e\u003ctd\u003esource\u003c/td\u003e\u003ctd\u003e0..1\u003c/td\u003e\u003ctd\u003e\u003ca href\u003d\"datatypes.html#uri\"\u003euri\u003c/a\u003e\u003c/td\u003e\u003ctd/\u003e\u003ctd\u003e\u003cdiv\u003e\u003cp\u003eIdentifies the value set used when the concept (system/code pair) was chosen. May be a logical id, or an absolute or relative location. The source value set is an optional parameter because in some cases, the client cannot know what the source value set is. However, without a source value set, the server may be unable to safely identify an applicable concept map, and would return an error. For this reason, a source value set SHOULD always be provided. Note that servers may be able to identify an appropriate concept map without a source value set if there is a full mapping for the entire code system in the concept map, or by manual intervention\u003c/p\u003e\n\u003c/div\u003e\u003c/td\u003e\u003c/tr\u003e\u003ctr\u003e\u003ctd\u003eIN\u003c/td\u003e\u003ctd\u003ecoding\u003c/td\u003e\u003ctd\u003e0..1\u003c/td\u003e\u003ctd\u003e\u003ca href\u003d\"datatypes.html#Coding\"\u003eCoding\u003c/a\u003e\u003c/td\u003e\u003ctd/\u003e\u003ctd\u003e\u003cdiv\u003e\u003cp\u003eA coding to translate\u003c/p\u003e\n\u003c/div\u003e\u003c/td\u003e\u003c/tr\u003e\u003ctr\u003e\u003ctd\u003eIN\u003c/td\u003e\u003ctd\u003ecodeableConcept\u003c/td\u003e\u003ctd\u003e0..1\u003c/td\u003e\u003ctd\u003e\u003ca href\u003d\"datatypes.html#CodeableConcept\"\u003eCodeableConcept\u003c/a\u003e\u003c/td\u003e\u003ctd/\u003e\u003ctd\u003e\u003cdiv\u003e\u003cp\u003eA full codeableConcept to validate. The server can translate any of the coding values (e.g. existing translations) as it chooses\u003c/p\u003e\n\u003c/div\u003e\u003c/td\u003e\u003c/tr\u003e\u003ctr\u003e\u003ctd\u003eIN\u003c/td\u003e\u003ctd\u003etarget\u003c/td\u003e\u003ctd\u003e0..1\u003c/td\u003e\u003ctd\u003e\u003ca href\u003d\"datatypes.html#uri\"\u003euri\u003c/a\u003e\u003c/td\u003e\u003ctd/\u003e\u003ctd\u003e\u003cdiv\u003e\u003cp\u003eIdentifies the value set in which a translation is sought. May be a logical id, or an absolute or relative location. If there\u0027s no target specified, the server should return all known translations, along with their source\u003c/p\u003e\n\u003c/div\u003e\u003c/td\u003e\u003c/tr\u003e\u003ctr\u003e\u003ctd\u003eIN\u003c/td\u003e\u003ctd\u003etargetsystem\u003c/td\u003e\u003ctd\u003e0..1\u003c/td\u003e\u003ctd\u003e\u003ca href\u003d\"datatypes.html#uri\"\u003euri\u003c/a\u003e\u003c/td\u003e\u003ctd/\u003e\u003ctd\u003e\u003cdiv\u003e\u003cp\u003eidentifies a target code system in which a mapping is sought. This parameter is an alternative to the target parameter - only one is required. Searching for any translation to a target code system irrespective of the context (e.g. target valueset) may lead to unsafe results, and it is at the discretion of the server to decide when to support this operation\u003c/p\u003e\n\u003c/div\u003e\u003c/td\u003e\u003c/tr\u003e\u003ctr\u003e\u003ctd\u003eIN\u003c/td\u003e\u003ctd\u003edependency\u003c/td\u003e\u003ctd\u003e0..*\u003c/td\u003e\u003ctd\u003e\u003c/td\u003e\u003ctd/\u003e\u003ctd\u003e\u003cdiv\u003e\u003cp\u003eAnother element that may help produce the correct mapping\u003c/p\u003e\n\u003c/div\u003e\u003c/td\u003e\u003c/tr\u003e\u003ctr\u003e\u003ctd\u003eIN\u003c/td\u003e\u003ctd\u003edependency.element\u003c/td\u003e\u003ctd\u003e0..1\u003c/td\u003e\u003ctd\u003e\u003ca href\u003d\"datatypes.html#uri\"\u003euri\u003c/a\u003e\u003c/td\u003e\u003ctd/\u003e\u003ctd\u003e\u003cdiv\u003e\u003cp\u003eThe element for this dependency\u003c/p\u003e\n\u003c/div\u003e\u003c/td\u003e\u003c/tr\u003e\u003ctr\u003e\u003ctd\u003eIN\u003c/td\u003e\u003ctd\u003edependency.concept\u003c/td\u003e\u003ctd\u003e0..1\u003c/td\u003e\u003ctd\u003e\u003ca href\u003d\"datatypes.html#CodeableConcept\"\u003eCodeableConcept\u003c/a\u003e\u003c/td\u003e\u003ctd/\u003e\u003ctd\u003e\u003cdiv\u003e\u003cp\u003eThe value for this dependency\u003c/p\u003e\n\u003c/div\u003e\u003c/td\u003e\u003c/tr\u003e\u003ctr\u003e\u003ctd\u003eIN\u003c/td\u003e\u003ctd\u003ereverse\u003c/td\u003e\u003ctd\u003e0..1\u003c/td\u003e\u003ctd\u003e\u003ca href\u003d\"datatypes.html#boolean\"\u003eboolean\u003c/a\u003e\u003c/td\u003e\u003ctd/\u003e\u003ctd\u003e\u003cdiv\u003e\u003cp\u003eif this is true, then the operation should return all the codes that might be mapped to this code. This parameter reverses the meaning of the source and target parameters\u003c/p\u003e\n\u003c/div\u003e\u003c/td\u003e\u003c/tr\u003e\u003ctr\u003e\u003ctd\u003eOUT\u003c/td\u003e\u003ctd\u003eresult\u003c/td\u003e\u003ctd\u003e1..1\u003c/td\u003e\u003ctd\u003e\u003ca href\u003d\"datatypes.html#boolean\"\u003eboolean\u003c/a\u003e\u003c/td\u003e\u003ctd/\u003e\u003ctd\u003e\u003cdiv\u003e\u003cp\u003eTrue if the concept could be translated successfully. The value can only be true if at least one returned match has an equivalence which is not  unmatched or disjoint\u003c/p\u003e\n\u003c/div\u003e\u003c/td\u003e\u003c/tr\u003e\u003ctr\u003e\u003ctd\u003eOUT\u003c/td\u003e\u003ctd\u003emessage\u003c/td\u003e\u003ctd\u003e0..1\u003c/td\u003e\u003ctd\u003e\u003ca href\u003d\"datatypes.html#string\"\u003estring\u003c/a\u003e\u003c/td\u003e\u003ctd/\u003e\u003ctd\u003e\u003cdiv\u003e\u003cp\u003eError details, for display to a human. If this is provided when result \u003d true, the message carries hints and warnings (e.g. a note that the matches could be improved by providing additional detail)\u003c/p\u003e\n\u003c/div\u003e\u003c/td\u003e\u003c/tr\u003e\u003ctr\u003e\u003ctd\u003eOUT\u003c/td\u003e\u003ctd\u003ematch\u003c/td\u003e\u003ctd\u003e0..*\u003c/td\u003e\u003ctd\u003e\u003c/td\u003e\u003ctd/\u003e\u003ctd\u003e\u003cdiv\u003e\u003cp\u003eA concept in the target value set with an equivalence. Note that there may be multiple matches of equal or differing equivalence, and the matches may include equivalence values that mean that there is no match\u003c/p\u003e\n\u003c/div\u003e\u003c/td\u003e\u003c/tr\u003e\u003ctr\u003e\u003ctd\u003eOUT\u003c/td\u003e\u003ctd\u003ematch.equivalence\u003c/td\u003e\u003ctd\u003e0..1\u003c/td\u003e\u003ctd\u003e\u003ca href\u003d\"datatypes.html#code\"\u003ecode\u003c/a\u003e\u003c/td\u003e\u003ctd/\u003e\u003ctd\u003e\u003cdiv\u003e\u003cp\u003eA code indicating the equivalence of the translation, using values from \u003ca href\u003d\"valueset-concept-map-equivalence.html\"\u003eConceptMapEquivalence\u003c/a\u003e\u003c/p\u003e\n\u003c/div\u003e\u003c/td\u003e\u003c/tr\u003e\u003ctr\u003e\u003ctd\u003eOUT\u003c/td\u003e\u003ctd\u003ematch.concept\u003c/td\u003e\u003ctd\u003e0..1\u003c/td\u003e\u003ctd\u003e\u003ca href\u003d\"datatypes.html#Coding\"\u003eCoding\u003c/a\u003e\u003c/td\u003e\u003ctd/\u003e\u003ctd\u003e\u003cdiv\u003e\u003cp\u003eThe translation outcome. Note that this would never have userSelected \u003d true, since the process of translations implies that the user is not selecting the code (and only the client could know differently)\u003c/p\u003e\n\u003c/div\u003e\u003c/td\u003e\u003c/tr\u003e\u003ctr\u003e\u003ctd\u003eOUT\u003c/td\u003e\u003ctd\u003ematch.product\u003c/td\u003e\u003ctd\u003e0..*\u003c/td\u003e\u003ctd\u003e\u003c/td\u003e\u003ctd/\u003e\u003ctd\u003e\u003cdiv\u003e\u003cp\u003eAnother element that is the product of this mapping\u003c/p\u003e\n\u003c/div\u003e\u003c/td\u003e\u003c/tr\u003e\u003ctr\u003e\u003ctd\u003eOUT\u003c/td\u003e\u003ctd\u003ematch.product.element\u003c/td\u003e\u003ctd\u003e0..1\u003c/td\u003e\u003ctd\u003e\u003ca href\u003d\"datatypes.html#uri\"\u003euri\u003c/a\u003e\u003c/td\u003e\u003ctd/\u003e\u003ctd\u003e\u003cdiv\u003e\u003cp\u003eThe element for this product\u003c/p\u003e\n\u003c/div\u003e\u003c/td\u003e\u003c/tr\u003e\u003ctr\u003e\u003ctd\u003eOUT\u003c/td\u003e\u003ctd\u003ematch.product.concept\u003c/td\u003e\u003ctd\u003e0..1\u003c/td\u003e\u003ctd\u003e\u003ca href\u003d\"datatypes.html#Coding\"\u003eCoding\u003c/a\u003e\u003c/td\u003e\u003ctd/\u003e\u003ctd\u003e\u003cdiv\u003e\u003cp\u003eThe value for this product\u003c/p\u003e\n\u003c/div\u003e\u003c/td\u003e\u003c/tr\u003e\u003ctr\u003e\u003ctd\u003eOUT\u003c/td\u003e\u003ctd\u003ematch.source\u003c/td\u003e\u003ctd\u003e0..1\u003c/td\u003e\u003ctd\u003e\u003ca href\u003d\"datatypes.html#uri\"\u003euri\u003c/a\u003e\u003c/td\u003e\u003ctd/\u003e\u003ctd\u003e\u003cdiv\u003e\u003cp\u003eThe canonical reference to the concept map from which this mapping comes from\u003c/p\u003e\n\u003c/div\u003e\u003c/td\u003e\u003c/tr\u003e\u003c/table\u003e\u003cdiv/\u003e\u003c/div\u003e"
  },
  "extension": [
    {
      "url": "http://hl7.org/fhir/StructureDefinition/structuredefinition-fmm",
      "valueInteger": 3
    },
    {
      "url": "http://hl7.org/fhir/StructureDefinition/structuredefinition-standards-status",
      "valueCode": "trial-use"
    }
  ],
  "url": "http://hl7.org/fhir/OperationDefinition/ConceptMap-translate",
  "version": "4.0.1",
  "name": "Concept Translation",
  "status": "draft",
  "kind": "operation",
  "date": "2021-01-21T15:34:20+00:00",
  "publisher": "HL7 (FHIR Project)",
  "contact": [
    {
      "telecom": [
        {
          "system": "url",
          "value": "http://hl7.org/fhir"
        },
        {
          "system": "email",
          "value": "fhir@lists.hl7.org"
        }
      ]
    }
  ],
  "description": "Translate a code from one value set to another, based on the existing value set and concept maps resources, and/or other additional knowledge available to the server. \r\n\r\n One (and only one) of the in parameters (code, coding, codeableConcept) must be provided, to identify the code that is to be translated.  \r\n\r\n The operation returns a set of parameters including a \u0027result\u0027 for whether there is an acceptable match, and a list of possible matches. Note that the list of matches may include notes of codes for which mapping is specifically excluded, so implementers have to check the match.equivalence for each match",
  "code": "translate",
  "resource": [
    "ConceptMap"
  ],
  "system": false,
  "type": true,
  "instance": true,
  "parameter": [
    {
      "name": "url",
      "use": "in",
      "min": 0,
      "max": "1",
      "documentation": "A canonical URL for a concept map. The server must know the concept map (e.g. it is defined explicitly in the server\u0027s concept maps, or it is defined implicitly by some code system known to the server.",
      "type": "uri"
    },
    {
      "name": "conceptMap",
      "use": "in",
      "min": 0,
      "max": "1",
      "documentation": "The concept map is provided directly as part of the request. Servers may choose not to accept concept maps in this fashion.",
      "type": "ConceptMap"
    },
    {
      "name": "conceptMapVersion",
      "use": "in",
      "min": 0,
      "max": "1",
      "documentation": "The identifier that is used to identify a specific version of the concept map to be used for the translation. This is an arbitrary value managed by the concept map author and is not expected to be globally unique. For example, it might be a timestamp (e.g. yyyymmdd) if a managed version is not available.",
      "type": "string"
    },
    {
      "name": "code",
      "use": "in",
      "min": 0,
      "max": "1",
      "documentation": "The code that is to be translated. If a code is provided, a system must be provided",
      "type": "code"
    },
    {
      "name": "system",
      "use": "in",
      "min": 0,
      "max": "1",
      "documentation": "The system for the code that is to be translated",
      "type": "uri"
    },
    {
      "name": "version",
      "use": "in",
      "min": 0,
      "max": "1",
      "documentation": "The version of the system, if one was provided in the source data",
      "type": "string"
    },
    {
      "name": "source",
      "use": "in",
      "min": 0,
      "max": "1",
      "documentation": "Identifies the value set used when the concept (system/code pair) was chosen. May be a logical id, or an absolute or relative location. The source value set is an optional parameter because in some cases, the client cannot know what the source value set is. However, without a source value set, the server may be unable to safely identify an applicable concept map, and would return an error. For this reason, a source value set SHOULD always be provided. Note that servers may be able to identify an appropriate concept map without a source value set if there is a full mapping for the entire code system in the concept map, or by manual intervention",
      "type": "uri"
    },
    {
      "name": "coding",
      "use": "in",
      "min": 0,
      "max": "1",
      "documentation": "A coding to translate",
      "type": "Coding"
    },
    {
      "name": "codeableConcept",
      "use": "in",
      "min": 0,
      "max": "1",
      "documentation": "A full codeableConcept to validate. The server can translate any of the coding values (e.g. existing translations) as it chooses",
      "type": "CodeableConcept"
    },
    {
      "name": "target",
      "use": "in",
      "min": 0,
      "max": "1",
      "documentation": "Identifies the value set in which a translation is sought. May be a logical id, or an absolute or relative location. If there\u0027s no target specified, the server should return all known translations, along with their source",
      "type": "uri"
    },
    {
      "name": "targetsystem",
      "use": "in",
      "min": 0,
      "max": "1",
      "documentation": "identifies a target code system in which a mapping is sought. This parameter is an alternative to the target parameter - only one is required. Searching for any translation to a target code system irrespective of the context (e.g. target valueset) may lead to unsafe results, and it is at the discretion of the server to decide when to support this operation",
      "type": "uri"
    },
    {
      "name": "dependency",
      "use": "in",
      "min": 0,
      "max": "*",
      "documentation": "Another element that may help produce the correct mapping",
      "part": [
        {
          "name": "element",
          "use": "in",
          "min": 0,
          "max": "1",
          "documentation": "The element for this dependency",
          "type": "uri"
        },
        {
          "name": "concept",
          "use": "in",
          "min": 0,
          "max": "1",
          "documentation": "The value for this dependency",
          "type": "CodeableConcept"
        }
      ]
    },
    {
      "name": "reverse",
      "use": "in",
      "min": 0,
      "max": "1",
      "documentation": "if this is true, then the operation should return all the codes that might be mapped to this code. This parameter reverses the meaning of the source and target parameters",
      "type": "boolean"
    },
    {
      "name": "result",
      "use": "out",
      "min": 1,
      "max": "1",
      "documentation": "True if the concept could be translated successfully. The value can only be true if at least one returned match has an equivalence which is not  unmatched or disjoint",
      "type": "boolean"
    },
    {
      "name": "message",
      "use": "out",
      "min": 0,
      "max": "1",
      "documentation": "Error details, for display to a human. If this is provided when result \u003d true, the message carries hints and warnings (e.g. a note that the matches could be improved by providing additional detail)",
      "type": "string"
    },
    {
      "name": "match",
      "use": "out",
      "min": 0,
      "max": "*",
      "documentation": "A concept in the target value set with an equivalence. Note that there may be multiple matches of equal or differing equivalence, and the matches may include equivalence values that mean that there is no match",
      "part": [
        {
          "name": "equivalence",
          "use": "out",
          "min": 0,
          "max": "1",
          "documentation": "A code indicating the equivalence of the translation, using values from [ConceptMapEquivalence](valueset-concept-map-equivalence.html)",
          "type": "code"
        },
        {
          "name": "concept",
          "use": "out",
          "min": 0,
          "max": "1",
          "documentation": "The translation outcome. Note that this would never have userSelected \u003d true, since the process of translations implies that the user is not selecting the code (and only the client could know differently)",
          "type": "Coding"
        },
        {
          "name": "product",
          "use": "out",
          "min": 0,
          "max": "*",
          "documentation": "Another element that is the product of this mapping",
          "part": [
            {
              "name": "element",
              "use": "out",
              "min": 0,
              "max": "1",
              "documentation": "The element for this product",
              "type": "uri"
            },
            {
              "name": "concept",
              "use": "out",
              "min": 0,
              "max": "1",
              "documentation": "The value for this product",
              "type": "Coding"
            }
          ]
        },
        {
          "name": "source",
          "use": "out",
          "min": 0,
          "max": "1",
          "documentation": "The canonical reference to the concept map from which this mapping comes from",
          "type": "uri"
        }
      ]
    }
  ]
}