{
  "resourceType": "Procedure",
  "id": "f201",
  "text": {
    "status": "generated",
    "div": "\u003cdiv xmlns\u003d\"http://www.w3.org/1999/xhtml\"\u003e\u003cp\u003e\u003cb\u003eGenerated Narrative with Details\u003c/b\u003e\u003c/p\u003e\u003cp\u003e\u003cb\u003eid\u003c/b\u003e: f201\u003c/p\u003e\u003cp\u003e\u003cb\u003einstantiatesCanonical\u003c/b\u003e: \u003ca\u003ePlanDefinition/KDN5\u003c/a\u003e\u003c/p\u003e\u003cp\u003e\u003cb\u003estatus\u003c/b\u003e: completed\u003c/p\u003e\u003cp\u003e\u003cb\u003ecode\u003c/b\u003e: Chemotherapy \u003cspan\u003e(Details : {SNOMED CT code \u0027367336001\u0027 \u003d \u0027Chemotherapy\u0027, given as \u0027Chemotherapy\u0027})\u003c/span\u003e\u003c/p\u003e\u003cp\u003e\u003cb\u003esubject\u003c/b\u003e: \u003ca\u003eRoel\u003c/a\u003e\u003c/p\u003e\u003cp\u003e\u003cb\u003eencounter\u003c/b\u003e: \u003ca\u003eRoel\u0027s encounter on January 28th, 2013\u003c/a\u003e\u003c/p\u003e\u003cp\u003e\u003cb\u003eperformed\u003c/b\u003e: Jan 28, 2013 1:31:00 PM --\u0026gt; Jan 28, 2013 2:27:00 PM\u003c/p\u003e\u003ch3\u003ePerformers\u003c/h3\u003e\u003ctable\u003e\u003ctr\u003e\u003ctd\u003e-\u003c/td\u003e\u003ctd\u003e\u003cb\u003eFunction\u003c/b\u003e\u003c/td\u003e\u003ctd\u003e\u003cb\u003eActor\u003c/b\u003e\u003c/td\u003e\u003c/tr\u003e\u003ctr\u003e\u003ctd\u003e*\u003c/td\u003e\u003ctd\u003eMedical oncologist \u003cspan\u003e(Details : {SNOMED CT code \u0027310512001\u0027 \u003d \u0027Medical oncologist\u0027, given as \u0027Medical oncologist\u0027})\u003c/span\u003e\u003c/td\u003e\u003ctd\u003e\u003ca\u003eDokter Bronsig\u003c/a\u003e\u003c/td\u003e\u003c/tr\u003e\u003c/table\u003e\u003cp\u003e\u003cb\u003ereasonCode\u003c/b\u003e: DiagnosticReport/f201 \u003cspan\u003e(Details )\u003c/span\u003e\u003c/p\u003e\u003cp\u003e\u003cb\u003ebodySite\u003c/b\u003e: Sphenoid bone \u003cspan\u003e(Details : {SNOMED CT code \u0027272676008\u0027 \u003d \u0027Entire sphenoid bone\u0027, given as \u0027Sphenoid bone\u0027})\u003c/span\u003e\u003c/p\u003e\u003cp\u003e\u003cb\u003enote\u003c/b\u003e: Eerste neo-adjuvante TPF-kuur bij groot proces in sphenoid met intracraniale uitbreiding.\u003c/p\u003e\u003c/div\u003e"
  },
  "instantiatesCanonical": [
    "PlanDefinition/KDN5"
  ],
  "status": "completed",
  "code": {
    "coding": [
      {
        "system": "http://snomed.info/sct",
        "code": "367336001",
        "display": "Chemotherapy"
      }
    ]
  },
  "subject": {
    "reference": "Patient/f201",
    "display": "Roel"
  },
  "encounter": {
    "reference": "Encounter/f202",
    "display": "Roel\u0027s encounter on January 28th, 2013"
  },
  "performedPeriod": {
    "start": "2013-01-28T13:31:00+01:00",
    "end": "2013-01-28T14:27:00+01:00"
  },
  "performer": [
    {
      "function": {
        "coding": [
          {
            "system": "http://snomed.info/sct",
            "code": "310512001",
            "display": "Medical oncologist"
          }
        ]
      },
      "actor": {
        "reference": "Practitioner/f201",
        "display": "Dokter Bronsig"
      }
    }
  ],
  "reasonCode": [
    {
      "text": "DiagnosticReport/f201"
    }
  ],
  "bodySite": [
    {
      "coding": [
        {
          "system": "http://snomed.info/sct",
          "code": "272676008",
          "display": "Sphenoid bone"
        }
      ]
    }
  ],
  "note": [
    {
      "text": "Eerste neo-adjuvante TPF-kuur bij groot proces in sphenoid met intracraniale uitbreiding."
    }
  ],
  "meta": {
    "tag": [
      {
        "system": "http://terminology.hl7.org/CodeSystem/v3-ActReason",
        "code": "HTEST",
        "display": "test health data"
      }
    ]
  }
}