{
  "resourceType": "ValueSet",
  "id": "patient-contactrelationship",
  "meta": {
    "lastUpdated": "2021-01-21T15:34:20.265+00:00",
    "profile": [
      "http://hl7.org/fhir/StructureDefinition/shareablevalueset"
    ]
  },
  "text": {
    "status": "generated",
    "div": "\u003cdiv xmlns\u003d\"http://www.w3.org/1999/xhtml\"\u003e\u003ch2\u003ePatient Contact Relationship \u003c/h2\u003e\u003cdiv\u003e\u003cp\u003eThe nature of the relationship between the patient and the contact person.\u003c/p\u003e\n\u003c/div\u003e\u003cp\u003eThis value set includes codes from the following code systems:\u003c/p\u003e\u003cul\u003e\u003cli\u003eInclude codes from \u003ca href\u003d\"v2/0131/index.html\"\u003e\u003ccode\u003ehttp://terminology.hl7.org/CodeSystem/v2-0131\u003c/code\u003e\u003c/a\u003e where concept  is-not-a  \u003ca href\u003d\"v2/0131/index.html#v2-0131-O\"\u003eO\u003c/a\u003e\u003c/li\u003e\u003c/ul\u003e\u003c/div\u003e"
  },
  "extension": [
    {
      "url": "http://hl7.org/fhir/StructureDefinition/structuredefinition-wg",
      "valueCode": "pa"
    },
    {
      "url": "http://hl7.org/fhir/StructureDefinition/structuredefinition-standards-status",
      "valueCode": "normative"
    },
    {
      "url": "http://hl7.org/fhir/StructureDefinition/structuredefinition-normative-version",
      "valueCode": "4.0.0"
    },
    {
      "url": "http://hl7.org/fhir/StructureDefinition/structuredefinition-fmm",
      "valueInteger": 5
    }
  ],
  "url": "http://hl7.org/fhir/ValueSet/patient-contactrelationship",
  "identifier": [
    {
      "system": "urn:ietf:rfc:3986",
      "value": "urn:oid:2.16.840.1.113883.4.642.3.1130"
    }
  ],
  "version": "4.0.1",
  "name": "PatientContactRelationship",
  "title": "Patient Contact Relationship ",
  "status": "active",
  "experimental": false,
  "date": "2021-01-21T15:34:20+00:00",
  "publisher": "FHIR Project team",
  "contact": [
    {
      "telecom": [
        {
          "system": "url",
          "value": "http://hl7.org/fhir"
        }
      ]
    }
  ],
  "description": "The nature of the relationship between the patient and the contact person.",
  "compose": {
    "include": [
      {
        "system": "http://terminology.hl7.org/CodeSystem/v2-0131",
        "filter": [
          {
            "property": "concept",
            "op": "is-not-a",
            "value": "O"
          }
        ]
      }
    ]
  }
}