{
  "resourceType": "ValueSet",
  "id": "immunization-recommendation-status",
  "meta": {
    "lastUpdated": "2021-01-21T15:34:20.265+00:00",
    "profile": [
      "http://hl7.org/fhir/StructureDefinition/shareablevalueset"
    ]
  },
  "text": {
    "status": "generated",
    "div": "\u003cdiv xmlns\u003d\"http://www.w3.org/1999/xhtml\"\u003e\u003ch2\u003eImmunization Recommendation Status Codes\u003c/h2\u003e\u003cdiv\u003e\u003cp\u003eThe value set to instantiate this attribute should be drawn from a terminologically robust code system that consists of or contains concepts to support describing the status of the patient towards perceived immunity against a vaccine preventable disease. This value set is provided as a suggestive example.\u003c/p\u003e\n\u003c/div\u003e\u003cp\u003eThis value set includes codes from the following code systems:\u003c/p\u003e\u003cul\u003e\u003cli\u003eInclude all codes defined in \u003ca href\u003d\"codesystem-immunization-recommendation-status.html\"\u003e\u003ccode\u003ehttp://terminology.hl7.org/CodeSystem/immunization-recommendation-status\u003c/code\u003e\u003c/a\u003e\u003c/li\u003e\u003c/ul\u003e\u003c/div\u003e"
  },
  "extension": [
    {
      "url": "http://hl7.org/fhir/StructureDefinition/structuredefinition-wg",
      "valueCode": "pher"
    },
    {
      "url": "http://hl7.org/fhir/StructureDefinition/structuredefinition-standards-status",
      "valueCode": "draft"
    },
    {
      "url": "http://hl7.org/fhir/StructureDefinition/structuredefinition-fmm",
      "valueInteger": 1
    }
  ],
  "url": "http://hl7.org/fhir/ValueSet/immunization-recommendation-status",
  "identifier": [
    {
      "system": "urn:ietf:rfc:3986",
      "value": "urn:oid:2.16.840.1.113883.4.642.3.305"
    }
  ],
  "version": "4.0.1",
  "name": "ImmunizationRecommendationStatusCodes",
  "title": "Immunization Recommendation Status Codes",
  "status": "draft",
  "experimental": false,
  "date": "2021-01-21T15:34:20+00:00",
  "publisher": "FHIR Project team",
  "contact": [
    {
      "telecom": [
        {
          "system": "url",
          "value": "http://hl7.org/fhir"
        }
      ]
    }
  ],
  "description": "The value set to instantiate this attribute should be drawn from a terminologically robust code system that consists of or contains concepts to support describing the status of the patient towards perceived immunity against a vaccine preventable disease. This value set is provided as a suggestive example.",
  "immutable": true,
  "compose": {
    "include": [
      {
        "system": "http://terminology.hl7.org/CodeSystem/immunization-recommendation-status"
      }
    ]
  }
}