{
  "resourceType": "ValueSet",
  "id": "abstract-types",
  "meta": {
    "lastUpdated": "2021-01-21T15:34:20.265+00:00",
    "profile": [
      "http://hl7.org/fhir/StructureDefinition/shareablevalueset"
    ]
  },
  "text": {
    "status": "generated",
    "div": "\u003cdiv xmlns\u003d\"http://www.w3.org/1999/xhtml\"\u003e\u003ch2\u003eAbstractType\u003c/h2\u003e\u003cdiv\u003e\u003cp\u003eA list of the base types defined by this version of the FHIR specification - types that are defined, but for which only specializations actually are created.\u003c/p\u003e\n\u003c/div\u003e\u003cp\u003eThis value set includes codes from the following code systems:\u003c/p\u003e\u003cul\u003e\u003cli\u003eInclude all codes defined in \u003ca href\u003d\"codesystem-abstract-types.html\"\u003e\u003ccode\u003ehttp://hl7.org/fhir/abstract-types\u003c/code\u003e\u003c/a\u003e\u003c/li\u003e\u003c/ul\u003e\u003c/div\u003e"
  },
  "extension": [
    {
      "url": "http://hl7.org/fhir/StructureDefinition/structuredefinition-wg",
      "valueCode": "fhir"
    },
    {
      "url": "http://hl7.org/fhir/StructureDefinition/valueset-special-status",
      "valueString": "This Value Set is normative - it is generated based on the information defined in this specification. The definition will remain fixed  across versions, but the actual contents will change from version to version"
    },
    {
      "url": "http://hl7.org/fhir/StructureDefinition/structuredefinition-standards-status",
      "valueCode": "normative"
    },
    {
      "url": "http://hl7.org/fhir/StructureDefinition/structuredefinition-normative-version",
      "valueCode": "4.0.0"
    },
    {
      "url": "http://hl7.org/fhir/StructureDefinition/structuredefinition-fmm",
      "valueInteger": 5
    }
  ],
  "url": "http://hl7.org/fhir/ValueSet/abstract-types",
  "identifier": [
    {
      "system": "urn:ietf:rfc:3986",
      "value": "urn:oid:2.16.840.1.113883.4.642.3.23"
    }
  ],
  "version": "4.0.1",
  "name": "AbstractType",
  "title": "AbstractType",
  "status": "active",
  "experimental": false,
  "date": "2021-01-21T15:34:20+00:00",
  "publisher": "HL7 (FHIR Project)",
  "contact": [
    {
      "telecom": [
        {
          "system": "url",
          "value": "http://hl7.org/fhir"
        },
        {
          "system": "email",
          "value": "fhir@lists.hl7.org"
        }
      ]
    }
  ],
  "description": "A list of the base types defined by this version of the FHIR specification - types that are defined, but for which only specializations actually are created.",
  "immutable": true,
  "compose": {
    "include": [
      {
        "system": "http://hl7.org/fhir/abstract-types"
      }
    ]
  }
}