{
  "resourceType": "ValueSet",
  "id": "ensembl",
  "meta": {
    "lastUpdated": "2021-01-21T15:34:20.265+00:00",
    "profile": [
      "http://hl7.org/fhir/StructureDefinition/shareablevalueset"
    ]
  },
  "text": {
    "status": "generated",
    "div": "\u003cdiv xmlns\u003d\"http://www.w3.org/1999/xhtml\"\u003e\u003ch2\u003eE n s e m b l\u003c/h2\u003e\u003cdiv\u003e\u003cp\u003eENSEMBL reference sequence identifiers\u003c/p\u003e\n\u003c/div\u003e\u003cp\u003eThis value set includes codes from the following code systems:\u003c/p\u003e\u003cul\u003e\u003cli\u003eInclude all codes defined in \u003ca href\u003d\"http://www.ensembl.org\"\u003e\u003ccode\u003ehttp://www.ensembl.org\u003c/code\u003e\u003c/a\u003e\u003c/li\u003e\u003c/ul\u003e\u003c/div\u003e"
  },
  "extension": [
    {
      "url": "http://hl7.org/fhir/StructureDefinition/structuredefinition-wg",
      "valueCode": "oo"
    }
  ],
  "url": "http://hl7.org/fhir/ValueSet/ensembl",
  "identifier": [
    {
      "system": "urn:ietf:rfc:3986",
      "value": "urn:oid:2.16.840.1.113883.4.642.3.1040"
    }
  ],
  "version": "4.0.1",
  "name": "ENSEMBL",
  "title": "E n s e m b l",
  "status": "draft",
  "experimental": false,
  "date": "2021-01-21T15:34:20+00:00",
  "publisher": "HL7 International - FHIR-Infrastructure",
  "contact": [
    {
      "telecom": [
        {
          "system": "url",
          "value": "http://hl7.org/fhir"
        }
      ]
    }
  ],
  "description": "ENSEMBL reference sequence identifiers",
  "compose": {
    "include": [
      {
        "system": "http://www.ensembl.org"
      }
    ]
  }
}