{
  "resourceType": "ValueSet",
  "id": "event-or-request-resource-types",
  "meta": {
    "lastUpdated": "2021-01-21T15:34:20.265+00:00",
    "profile": [
      "http://hl7.org/fhir/StructureDefinition/shareablevalueset"
    ]
  },
  "text": {
    "status": "generated",
    "div": "\u003cdiv xmlns\u003d\"http://www.w3.org/1999/xhtml\"\u003e\u003ch2\u003eEventOrRequestResourceTypes\u003c/h2\u003e\u003cdiv\u003e\u003cp\u003eThis value set lists all the event or request resource types defined in this version of the specification.\u003c/p\u003e\n\u003c/div\u003e\u003cp\u003e\u003cb\u003eCopyright Statement:\u003c/b\u003e\u003c/p\u003e\u003cdiv\u003e\u003cp\u003eThis resource includes content from SNOMED Clinical Terms® (SNOMED CT®) which is copyright of the International Health Terminology Standards Development Organisation (IHTSDO). Implementers of these specifications must have the appropriate SNOMED CT Affiliate license - for more information contact http://www.snomed.org/snomed-ct/get-snomed-ct or info@snomed.org\u003c/p\u003e\n\u003c/div\u003e\u003cp\u003eThis value set includes codes from the following code systems:\u003c/p\u003e\u003cul\u003e\u003cli\u003eImport all the codes that are contained in \u003ca href\u003d\"valueset-event-resource-types.html\"\u003ehttp://hl7.org/fhir/ValueSet/event-resource-types\u003c/a\u003e\u003c/li\u003e\u003cli\u003eImport all the codes that are contained in \u003ca href\u003d\"valueset-request-resource-types.html\"\u003ehttp://hl7.org/fhir/ValueSet/request-resource-types\u003c/a\u003e\u003c/li\u003e\u003c/ul\u003e\u003c/div\u003e"
  },
  "extension": [
    {
      "url": "http://hl7.org/fhir/StructureDefinition/structuredefinition-wg",
      "valueCode": "vocab"
    }
  ],
  "url": "http://hl7.org/fhir/ValueSet/event-or-request-resource-types",
  "identifier": [
    {
      "system": "urn:ietf:rfc:3986",
      "value": "urn:oid:2.16.840.1.113883.4.642.3.1064"
    }
  ],
  "version": "4.0.1",
  "name": "Event Or Request Resource Types",
  "title": "EventOrRequestResourceTypes",
  "status": "draft",
  "experimental": false,
  "date": "2021-01-21T15:34:20+00:00",
  "publisher": "FHIR Project team",
  "contact": [
    {
      "telecom": [
        {
          "system": "url",
          "value": "http://hl7.org/fhir"
        }
      ]
    }
  ],
  "description": "This value set lists all the event or request resource types defined in this version of the specification.",
  "copyright": "This resource includes content from SNOMED Clinical Terms® (SNOMED CT®) which is copyright of the International Health Terminology Standards Development Organisation (IHTSDO). Implementers of these specifications must have the appropriate SNOMED CT Affiliate license - for more information contact http://www.snomed.org/snomed-ct/get-snomed-ct or info@snomed.org",
  "compose": {
    "include": [
      {
        "valueSet": [
          "http://hl7.org/fhir/ValueSet/event-resource-types"
        ]
      },
      {
        "valueSet": [
          "http://hl7.org/fhir/ValueSet/request-resource-types"
        ]
      }
    ]
  }
}