{
  "resourceType": "ValueSet",
  "id": "ucum-units",
  "meta": {
    "lastUpdated": "2021-01-21T15:34:20.265+00:00",
    "profile": [
      "http://hl7.org/fhir/StructureDefinition/shareablevalueset"
    ]
  },
  "text": {
    "status": "generated",
    "div": "\u003cdiv xmlns\u003d\"http://www.w3.org/1999/xhtml\"\u003e\n    \n      \n      \u003cp\u003e\n      This value set includes all UCUM codes.\n     \u003c/p\u003e\n     \n      \n      \u003cp\u003e \n      The UCUM codes, UCUM table (regardless of format), and UCUM Specification are copyright © 1999-2009, Regenstrief Institute, Inc. and the Unified Codes for Units of Measures (UCUM) Organization. All rights reserved.\n     \u003c/p\u003e\n    \n    \n    \u003c/div\u003e"
  },
  "extension": [
    {
      "url": "http://hl7.org/fhir/StructureDefinition/structuredefinition-wg",
      "valueCode": "fhir"
    },
    {
      "url": "http://hl7.org/fhir/StructureDefinition/structuredefinition-standards-status",
      "valueCode": "trial-use"
    },
    {
      "url": "http://hl7.org/fhir/StructureDefinition/structuredefinition-fmm",
      "valueInteger": 0
    }
  ],
  "url": "http://hl7.org/fhir/ValueSet/ucum-units",
  "identifier": [
    {
      "system": "urn:ietf:rfc:3986",
      "value": "urn:oid:2.16.840.1.113883.4.642.3.912"
    }
  ],
  "version": "4.0.1",
  "name": "UCUMCodes",
  "title": "UCUM Codes",
  "status": "draft",
  "experimental": false,
  "date": "2021-01-21T15:34:20+00:00",
  "publisher": "FHIR Project team",
  "contact": [
    {
      "telecom": [
        {
          "system": "url",
          "value": "http://hl7.org/fhir"
        }
      ]
    }
  ],
  "description": "Unified Code for Units of Measure (UCUM). This value set includes all UCUM codes",
  "copyright": "The UCUM codes, UCUM table (regardless of format), and UCUM Specification are copyright © 1999-2009, Regenstrief Institute, Inc. and the Unified Codes for Units of Measures (UCUM) Organization. All rights reserved.",
  "compose": {
    "include": [
      {
        "system": "http://unitsofmeasure.org"
      }
    ]
  }
}